Phase_Name,Positive(%),Negative(%),Weakly Negative,Weakly Positive,Strongly Negative,Strongly Positive,Neutral,Overall_sentiment
BEFORE LOCKDOWN DATA,18.0808311,0.287274364,78.43196615,1.968752537,0,0,1.231175846,-0.028037858
PHASE 1,37.52777306,27.65359261,7.087051108,23.57969548,0.053614397,0.101600235,3.996673116,0.042462571
PHASE 2,0.816629003,26.6197149,65.44741042,4.910991466,0.884250531,0.824620027,0.496383652,-0.25248213
PHASE 3,76.79127349,1.677463484,0.825217397,14.65354774,0.001238806,5.808453047,0.242806035,0.340101624
PHASE 4,4.008752299,0.145319565,4.28696398,90.82992135,0,0.041815423,0.687227381,0.117698239
"UNLOCK 2.0 LAST 4 DAYS DATA(7,8,9,10 JULY)",46.31339677,0,2.405677229,1.146260537,48.01195423,0.220043673,1.902667566,-0.24848161
